name,name_ar,state_id,country_id,latitude,longitude,timezone,wikidataId,population
AshkÄsham,AshkÄsham,3901,1,36.68333,71.53333,,Q4805192,
Fayzabad,Fayzabad,3901,1,37.11664,70.58002,,Q156558,
Jurm,Jurm,3901,1,36.86477,70.83421,,Q10308323,
KhandÅ«d,KhandÅ«d,3901,1,36.95127,72.318,,Q3290334,
RÄghistÄn,RÄghistÄn,3901,1,37.66079,70.67346,,Q2670909,
WÄkhÄn,WÄkhÄn,3901,1,37.0571,73.34928,,Q2509959,
Ghormach,Ghormach,3871,1,35.73062,63.78264,,Q5556982,
Qala i Naw,Qala i Naw,3871,1,34.98735,63.12891,,Q26396,
BaghlÄn,BaghlÄn,3875,1,36.13068,68.70829,,Q732879,
